Name;Price;Link
Acererak the Archlich;$ 7.40;https://www.mtggoldfish.com//price/Adventures+in+the+Forgotten+Realms/Acererak+the+Archlich#paper
Demilich;$ 22.03;https://www.mtggoldfish.com//price/Adventures+in+the+Forgotten+Realms/Demilich#paper
Ebondeath, Dracolich;$ 8.99;https://www.mtggoldfish.com//price/Adventures+in+the+Forgotten+Realms/Ebondeath+Dracolich#paper
Ellywick Tumblestrum;$ 4.99;https://www.mtggoldfish.com//price/Adventures+in+the+Forgotten+Realms/Ellywick+Tumblestrum#paper
Flameskull;$ 3.99;https://www.mtggoldfish.com//price/Adventures+in+the+Forgotten+Realms/Flameskull#paper
Grand Master of Flowers;$ 8.79;https://www.mtggoldfish.com//price/Adventures+in+the+Forgotten+Realms/Grand+Master+of+Flowers#paper
Icingdeath, Frost Tyrant;$ 4.24;https://www.mtggoldfish.com//price/Adventures+in+the+Forgotten+Realms/Icingdeath+Frost+Tyrant#paper
Inferno of the Star Mounts;$ 14.50;https://www.mtggoldfish.com//price/Adventures+in+the+Forgotten+Realms/Inferno+of+the+Star+Mounts#paper
Iymrith, Desert Doom;$ 12.58;https://www.mtggoldfish.com//price/Adventures+in+the+Forgotten+Realms/Iymrith+Desert+Doom#paper
Lolth, Spider Queen;$ 14.05;https://www.mtggoldfish.com//price/Adventures+in+the+Forgotten+Realms/Lolth+Spider+Queen#paper
Minsc, Beloved Ranger;$ 4.77;https://www.mtggoldfish.com//price/Adventures+in+the+Forgotten+Realms/Minsc+Beloved+Ranger#paper
Mordenkainen;$ 8.95;https://www.mtggoldfish.com//price/Adventures+in+the+Forgotten+Realms/Mordenkainen#paper
Old Gnawbone;$ 24.99;https://www.mtggoldfish.com//price/Adventures+in+the+Forgotten+Realms/Old+Gnawbone#paper
The Book of Exalted Deeds;$ 14.99;https://www.mtggoldfish.com//price/Adventures+in+the+Forgotten+Realms/The+Book+of+Exalted+Deeds#paper
The Book of Vile Darkness;$ 4.00;https://www.mtggoldfish.com//price/Adventures+in+the+Forgotten+Realms/The+Book+of+Vile+Darkness#paper
The Deck of Many Things;$ 5.50;https://www.mtggoldfish.com//price/Adventures+in+the+Forgotten+Realms/The+Deck+of+Many+Things#paper
The Tarrasque;$ 5.87;https://www.mtggoldfish.com//price/Adventures+in+the+Forgotten+Realms/The+Tarrasque#paper
Tiamat;$ 28.21;https://www.mtggoldfish.com//price/Adventures+in+the+Forgotten+Realms/Tiamat#paper
Xanathar, Guild Kingpin;$ 12.99;https://www.mtggoldfish.com//price/Adventures+in+the+Forgotten+Realms/Xanathar+Guild+Kingpin#paper
Zariel, Archduke of Avernus;$ 6.92;https://www.mtggoldfish.com//price/Adventures+in+the+Forgotten+Realms/Zariel+Archduke+of+Avernus#paper
Adult Gold Dragon;$ 0.88;https://www.mtggoldfish.com//price/Adventures+in+the+Forgotten+Realms/Adult+Gold+Dragon#paper
Asmodeus the Archfiend;$ 2.73;https://www.mtggoldfish.com//price/Adventures+in+the+Forgotten+Realms/Asmodeus+the+Archfiend#paper
Bard Class;$ 1.73;https://www.mtggoldfish.com//price/Adventures+in+the+Forgotten+Realms/Bard+Class#paper
Cave of the Frost Dragon;$ 1.70;https://www.mtggoldfish.com//price/Adventures+in+the+Forgotten+Realms/Cave+of+the+Frost+Dragon#paper
Circle of Dreams Druid;$ 10.00;https://www.mtggoldfish.com//price/Adventures+in+the+Forgotten+Realms/Circle+of+Dreams+Druid#paper
Dancing Sword;$ 0.62;https://www.mtggoldfish.com//price/Adventures+in+the+Forgotten+Realms/Dancing+Sword#paper
Delina, Wild Mage;$ 2.30;https://www.mtggoldfish.com//price/Adventures+in+the+Forgotten+Realms/Delina+Wild+Mage#paper
Den of the Bugbear;$ 2.48;https://www.mtggoldfish.com//price/Adventures+in+the+Forgotten+Realms/Den+of+the+Bugbear#paper
Dragon Turtle;$ 0.74;https://www.mtggoldfish.com//price/Adventures+in+the+Forgotten+Realms/Dragon+Turtle#paper
Drizzt Do'Urden;$ 2.94;https://www.mtggoldfish.com//price/Adventures+in+the+Forgotten+Realms/Drizzt+DoUrden#paper
Eye of Vecna;$ 2.59;https://www.mtggoldfish.com//price/Adventures+in+the+Forgotten+Realms/Eye+of+Vecna#paper
Fighter Class;$ 1.46;https://www.mtggoldfish.com//price/Adventures+in+the+Forgotten+Realms/Fighter+Class#paper
Flumph;$ 0.86;https://www.mtggoldfish.com//price/Adventures+in+the+Forgotten+Realms/Flumph#paper
Forsworn Paladin;$ 1.09;https://www.mtggoldfish.com//price/Adventures+in+the+Forgotten+Realms/Forsworn+Paladin#paper
Froghemoth;$ 1.26;https://www.mtggoldfish.com//price/Adventures+in+the+Forgotten+Realms/Froghemoth#paper
Gelatinous Cube;$ 0.86;https://www.mtggoldfish.com//price/Adventures+in+the+Forgotten+Realms/Gelatinous+Cube#paper
Grazilaxx, Illithid Scholar;$ 1.07;https://www.mtggoldfish.com//price/Adventures+in+the+Forgotten+Realms/Grazilaxx+Illithid+Scholar#paper
Guardian of Faith;$ 4.92;https://www.mtggoldfish.com//price/Adventures+in+the+Forgotten+Realms/Guardian+of+Faith#paper
Hall of Storm Giants;$ 1.99;https://www.mtggoldfish.com//price/Adventures+in+the+Forgotten+Realms/Hall+of+Storm+Giants#paper
Hand of Vecna;$ 1.99;https://www.mtggoldfish.com//price/Adventures+in+the+Forgotten+Realms/Hand+of+Vecna#paper
Hive of the Eye Tyrant;$ 1.98;https://www.mtggoldfish.com//price/Adventures+in+the+Forgotten+Realms/Hive+of+the+Eye+Tyrant#paper
Hobgoblin Bandit Lord;$ 2.44;https://www.mtggoldfish.com//price/Adventures+in+the+Forgotten+Realms/Hobgoblin+Bandit+Lord#paper
Instrument of the Bards;$ 1.21;https://www.mtggoldfish.com//price/Adventures+in+the+Forgotten+Realms/Instrument+of+the+Bards#paper
Lair of the Hydra;$ 3.30;https://www.mtggoldfish.com//price/Adventures+in+the+Forgotten+Realms/Lair+of+the+Hydra#paper
Long Rest;$ 1.08;https://www.mtggoldfish.com//price/Adventures+in+the+Forgotten+Realms/Long+Rest#paper
Loyal Warhound;$ 1.75;https://www.mtggoldfish.com//price/Adventures+in+the+Forgotten+Realms/Loyal+Warhound#paper
Mind Flayer;$ 1.66;https://www.mtggoldfish.com//price/Adventures+in+the+Forgotten+Realms/Mind+Flayer#paper
Minion of the Mighty;$ 3.45;https://www.mtggoldfish.com//price/Adventures+in+the+Forgotten+Realms/Minion+of+the+Mighty#paper
Monk Class;$ 1.64;https://www.mtggoldfish.com//price/Adventures+in+the+Forgotten+Realms/Monk+Class#paper
Nadaar, Selfless Paladin;$ 1.29;https://www.mtggoldfish.com//price/Adventures+in+the+Forgotten+Realms/Nadaar+Selfless+Paladin#paper
Ochre Jelly;$ 0.99;https://www.mtggoldfish.com//price/Adventures+in+the+Forgotten+Realms/Ochre+Jelly#paper
Orb of Dragonkind;$ 1.00;https://www.mtggoldfish.com//price/Adventures+in+the+Forgotten+Realms/Orb+of+Dragonkind#paper
Orcus, Prince of Undeath;$ 2.86;https://www.mtggoldfish.com//price/Adventures+in+the+Forgotten+Realms/Orcus+Prince+of+Undeath#paper
Oswald Fiddlebender;$ 4.21;https://www.mtggoldfish.com//price/Adventures+in+the+Forgotten+Realms/Oswald+Fiddlebender#paper
Paladin Class;$ 2.37;https://www.mtggoldfish.com//price/Adventures+in+the+Forgotten+Realms/Paladin+Class#paper
Ranger Class;$ 3.22;https://www.mtggoldfish.com//price/Adventures+in+the+Forgotten+Realms/Ranger+Class#paper
Rogue Class;$ 1.50;https://www.mtggoldfish.com//price/Adventures+in+the+Forgotten+Realms/Rogue+Class#paper
Skeletal Swarming;$ 0.99;https://www.mtggoldfish.com//price/Adventures+in+the+Forgotten+Realms/Skeletal+Swarming#paper
Sorcerer Class;$ 1.44;https://www.mtggoldfish.com//price/Adventures+in+the+Forgotten+Realms/Sorcerer+Class#paper
Sphere of Annihilation;$ 1.48;https://www.mtggoldfish.com//price/Adventures+in+the+Forgotten+Realms/Sphere+of+Annihilation#paper
Tasha's Hideous Laughter;$ 9.93;https://www.mtggoldfish.com//price/Adventures+in+the+Forgotten+Realms/Tashas+Hideous+Laughter#paper
Teleportation Circle;$ 1.99;https://www.mtggoldfish.com//price/Adventures+in+the+Forgotten+Realms/Teleportation+Circle#paper
The Blackstaff of Waterdeep;$ 0.76;https://www.mtggoldfish.com//price/Adventures+in+the+Forgotten+Realms/The+Blackstaff+of+Waterdeep#paper
Treasure Chest;$ 1.40;https://www.mtggoldfish.com//price/Adventures+in+the+Forgotten+Realms/Treasure+Chest#paper
Treasure Vault;$ 9.83;https://www.mtggoldfish.com//price/Adventures+in+the+Forgotten+Realms/Treasure+Vault#paper
Triumphant Adventurer;$ 0.99;https://www.mtggoldfish.com//price/Adventures+in+the+Forgotten+Realms/Triumphant+Adventurer#paper
True Polymorph;$ 0.87;https://www.mtggoldfish.com//price/Adventures+in+the+Forgotten+Realms/True+Polymorph#paper
Varis, Silverymoon Ranger;$ 0.62;https://www.mtggoldfish.com//price/Adventures+in+the+Forgotten+Realms/Varis+Silverymoon+Ranger#paper
Volo, Guide to Monsters;$ 2.35;https://www.mtggoldfish.com//price/Adventures+in+the+Forgotten+Realms/Volo+Guide+to+Monsters#paper
Vorpal Sword;$ 3.79;https://www.mtggoldfish.com//price/Adventures+in+the+Forgotten+Realms/Vorpal+Sword#paper
Werewolf Pack Leader;$ 3.11;https://www.mtggoldfish.com//price/Adventures+in+the+Forgotten+Realms/Werewolf+Pack+Leader#paper
Westgate Regent;$ 1.27;https://www.mtggoldfish.com//price/Adventures+in+the+Forgotten+Realms/Westgate+Regent#paper
Wight;$ 1.25;https://www.mtggoldfish.com//price/Adventures+in+the+Forgotten+Realms/Wight#paper
Wish;$ 2.03;https://www.mtggoldfish.com//price/Adventures+in+the+Forgotten+Realms/Wish#paper
Wizard's Spellbook;$ 0.98;https://www.mtggoldfish.com//price/Adventures+in+the+Forgotten+Realms/Wizards+Spellbook#paper
Xorn;$ 2.46;https://www.mtggoldfish.com//price/Adventures+in+the+Forgotten+Realms/Xorn#paper
Yuan-Ti Malison;$ 1.00;https://www.mtggoldfish.com//price/Adventures+in+the+Forgotten+Realms/Yuan-Ti+Malison#paper
Bruenor Battlehammer;$ 0.59;https://www.mtggoldfish.com//price/Adventures+in+the+Forgotten+Realms/Bruenor+Battlehammer#paper
Cleric Class;$ 0.65;https://www.mtggoldfish.com//price/Adventures+in+the+Forgotten+Realms/Cleric+Class#paper
Druid Class;$ 0.60;https://www.mtggoldfish.com//price/Adventures+in+the+Forgotten+Realms/Druid+Class#paper
Gretchen Titchwillow;$ 0.60;https://www.mtggoldfish.com//price/Adventures+in+the+Forgotten+Realms/Gretchen+Titchwillow#paper
Krydle of Baldur's Gate;$ 0.50;https://www.mtggoldfish.com//price/Adventures+in+the+Forgotten+Realms/Krydle+of+Baldurs+Gate#paper
Portable Hole;$ 1.08;https://www.mtggoldfish.com//price/Adventures+in+the+Forgotten+Realms/Portable+Hole#paper
Power Word Kill;$ 0.70;https://www.mtggoldfish.com//price/Adventures+in+the+Forgotten+Realms/Power+Word+Kill#paper
Prosperous Innkeeper;$ 0.50;https://www.mtggoldfish.com//price/Adventures+in+the+Forgotten+Realms/Prosperous+Innkeeper#paper
Temple of the Dragon Queen;$ 0.61;https://www.mtggoldfish.com//price/Adventures+in+the+Forgotten+Realms/Temple+of+the+Dragon+Queen#paper
Trelasarra, Moon Dancer;$ 0.50;https://www.mtggoldfish.com//price/Adventures+in+the+Forgotten+Realms/Trelasarra+Moon+Dancer#paper
Wizard Class;$ 0.55;https://www.mtggoldfish.com//price/Adventures+in+the+Forgotten+Realms/Wizard+Class#paper
Bundle;;https://www.mtggoldfish.com//price/Adventures+in+the+Forgotten+Realms/Adventures+in+the+Forgotten+Realms+Bundle-sealed#paper
Collector Booster Box;$ 360;https://www.mtggoldfish.com//price/Adventures+in+the+Forgotten+Realms/Adventures+in+the+Forgotten+Realms+Collector+Booster+Box-sealed#paper
Collector Booster Pack;$ 30;https://www.mtggoldfish.com//price/Adventures+in+the+Forgotten+Realms/Adventures+in+the+Forgotten+Realms+Collector+Booster+Pack-sealed#paper
Draft Booster Box;$ 138;https://www.mtggoldfish.com//price/Adventures+in+the+Forgotten+Realms/Adventures+in+the+Forgotten+Realms+Draft+Booster+Box-sealed#paper
Draft Booster Pack;$ 4;https://www.mtggoldfish.com//price/Adventures+in+the+Forgotten+Realms/Adventures+in+the+Forgotten+Realms+Draft+Booster+Pack-sealed#paper
Prerelease Pack;;https://www.mtggoldfish.com//price/Adventures+in+the+Forgotten+Realms/Adventures+in+the+Forgotten+Realms+Prerelease+Pack-sealed#paper
Set Booster Box;$ 208;https://www.mtggoldfish.com//price/Adventures+in+the+Forgotten+Realms/Adventures+in+the+Forgotten+Realms+Set+Booster+Box-sealed#paper
Set Booster Pack;$ 7;https://www.mtggoldfish.com//price/Adventures+in+the+Forgotten+Realms/Adventures+in+the+Forgotten+Realms+Set+Booster+Pack-sealed#paper
Beledros Witherbloom;$ 15.55;https://www.mtggoldfish.com//price/Strixhaven+School+of+Mages/Beledros+Witherbloom#paper
Blex, Vexing Pest;$ 2.02;https://www.mtggoldfish.com//price/Strixhaven+School+of+Mages/Blex+Vexing+Pest#paper
Blot Out the Sky;$ 1.92;https://www.mtggoldfish.com//price/Strixhaven+School+of+Mages/Blot+Out+the+Sky#paper
Body of Research;$ 2.28;https://www.mtggoldfish.com//price/Strixhaven+School+of+Mages/Body+of+Research#paper
Crackle with Power;$ 2.49;https://www.mtggoldfish.com//price/Strixhaven+School+of+Mages/Crackle+with+Power#paper
Ecological Appreciation;$ 1.60;https://www.mtggoldfish.com//price/Strixhaven+School+of+Mages/Ecological+Appreciation#paper
Extus, Oriq Overlord;$ 2.47;https://www.mtggoldfish.com//price/Strixhaven+School+of+Mages/Extus+Oriq+Overlord#paper
Galazeth Prismari;$ 8.58;https://www.mtggoldfish.com//price/Strixhaven+School+of+Mages/Galazeth+Prismari#paper
Harness Infinity;$ 1.70;https://www.mtggoldfish.com//price/Strixhaven+School+of+Mages/Harness+Infinity#paper
Hofri Ghostforge;$ 1.66;https://www.mtggoldfish.com//price/Strixhaven+School+of+Mages/Hofri+Ghostforge#paper
Jadzi, Oracle of Arcavios;$ 2.30;https://www.mtggoldfish.com//price/Strixhaven+School+of+Mages/Jadzi+Oracle+of+Arcavios#paper
Kasmina, Enigma Sage;$ 3.49;https://www.mtggoldfish.com//price/Strixhaven+School+of+Mages/Kasmina+Enigma+Sage#paper
Magma Opus;$ 2.30;https://www.mtggoldfish.com//price/Strixhaven+School+of+Mages/Magma+Opus#paper
Mascot Exhibition;$ 0.83;https://www.mtggoldfish.com//price/Strixhaven+School+of+Mages/Mascot+Exhibition#paper
Mavinda, Students' Advocate;$ 1.64;https://www.mtggoldfish.com//price/Strixhaven+School+of+Mages/Mavinda+Students+Advocate#paper
Mila, Crafty Companion;$ 2.60;https://www.mtggoldfish.com//price/Strixhaven+School+of+Mages/Mila+Crafty+Companion#paper
Professor Onyx;$ 11.04;https://www.mtggoldfish.com//price/Strixhaven+School+of+Mages/Professor+Onyx#paper
Rowan, Scholar of Sparks;$ 4.11;https://www.mtggoldfish.com//price/Strixhaven+School+of+Mages/Rowan+Scholar+of+Sparks#paper
Shadrix Silverquill;$ 6.00;https://www.mtggoldfish.com//price/Strixhaven+School+of+Mages/Shadrix+Silverquill#paper
Tanazir Quandrix;$ 3.00;https://www.mtggoldfish.com//price/Strixhaven+School+of+Mages/Tanazir+Quandrix#paper
Velomachus Lorehold;$ 4.49;https://www.mtggoldfish.com//price/Strixhaven+School+of+Mages/Velomachus+Lorehold#paper
Accomplished Alchemist;$ 0.50;https://www.mtggoldfish.com//price/Strixhaven+School+of+Mages/Accomplished+Alchemist#paper
Archmage Emeritus;$ 2.17;https://www.mtggoldfish.com//price/Strixhaven+School+of+Mages/Archmage+Emeritus#paper
Augmenter Pugilist;$ 0.50;https://www.mtggoldfish.com//price/Strixhaven+School+of+Mages/Augmenter+Pugilist#paper
Baleful Mastery;$ 1.38;https://www.mtggoldfish.com//price/Strixhaven+School+of+Mages/Baleful+Mastery#paper
Blade Historian;$ 0.70;https://www.mtggoldfish.com//price/Strixhaven+School+of+Mages/Blade+Historian#paper
Codie, Vociferous Codex;$ 0.50;https://www.mtggoldfish.com//price/Strixhaven+School+of+Mages/Codie+Vociferous+Codex#paper
Conspiracy Theorist;$ 0.52;https://www.mtggoldfish.com//price/Strixhaven+School+of+Mages/Conspiracy+Theorist#paper
Culling Ritual;$ 2.37;https://www.mtggoldfish.com//price/Strixhaven+School+of+Mages/Culling+Ritual#paper
Daemogoth Titan;$ 0.55;https://www.mtggoldfish.com//price/Strixhaven+School+of+Mages/Daemogoth+Titan#paper
Double Major;$ 1.98;https://www.mtggoldfish.com//price/Strixhaven+School+of+Mages/Double+Major#paper
Elite Spellbinder;$ 2.67;https://www.mtggoldfish.com//price/Strixhaven+School+of+Mages/Elite+Spellbinder#paper
Frostboil Snarl;$ 1.80;https://www.mtggoldfish.com//price/Strixhaven+School+of+Mages/Frostboil+Snarl#paper
Furycalm Snarl;$ 1.74;https://www.mtggoldfish.com//price/Strixhaven+School+of+Mages/Furycalm+Snarl#paper
Leonin Lightscribe;$ 0.75;https://www.mtggoldfish.com//price/Strixhaven+School+of+Mages/Leonin+Lightscribe#paper
Necroblossom Snarl;$ 2.35;https://www.mtggoldfish.com//price/Strixhaven+School+of+Mages/Necroblossom+Snarl#paper
Oriq Loremage;$ 0.50;https://www.mtggoldfish.com//price/Strixhaven+School+of+Mages/Oriq+Loremage#paper
Prismari Command;$ 4.00;https://www.mtggoldfish.com//price/Strixhaven+School+of+Mages/Prismari+Command#paper
Quandrix Command;$ 0.65;https://www.mtggoldfish.com//price/Strixhaven+School+of+Mages/Quandrix+Command#paper
Rushed Rebirth;$ 0.96;https://www.mtggoldfish.com//price/Strixhaven+School+of+Mages/Rushed+Rebirth#paper
Sedgemoor Witch;$ 4.37;https://www.mtggoldfish.com//price/Strixhaven+School+of+Mages/Sedgemoor+Witch#paper
Semester's End;$ 0.53;https://www.mtggoldfish.com//price/Strixhaven+School+of+Mages/Semesters+End#paper
Shineshadow Snarl;$ 1.55;https://www.mtggoldfish.com//price/Strixhaven+School+of+Mages/Shineshadow+Snarl#paper
Silverquill Silencer;$ 0.50;https://www.mtggoldfish.com//price/Strixhaven+School+of+Mages/Silverquill+Silencer#paper
Strict Proctor;$ 0.99;https://www.mtggoldfish.com//price/Strixhaven+School+of+Mages/Strict+Proctor#paper
Strixhaven Stadium;$ 0.99;https://www.mtggoldfish.com//price/Strixhaven+School+of+Mages/Strixhaven+Stadium#paper
The Biblioplex;$ 0.83;https://www.mtggoldfish.com//price/Strixhaven+School+of+Mages/The+Biblioplex#paper
Valentin, Dean of the Vein;$ 1.15;https://www.mtggoldfish.com//price/Strixhaven+School+of+Mages/Valentin+Dean+of+the+Vein#paper
Vanishing Verse;$ 2.22;https://www.mtggoldfish.com//price/Strixhaven+School+of+Mages/Vanishing+Verse#paper
Vineglimmer Snarl;$ 1.63;https://www.mtggoldfish.com//price/Strixhaven+School+of+Mages/Vineglimmer+Snarl#paper
Wandering Archaic;$ 7.00;https://www.mtggoldfish.com//price/Strixhaven+School+of+Mages/Wandering+Archaic#paper
Witherbloom Command;$ 0.97;https://www.mtggoldfish.com//price/Strixhaven+School+of+Mages/Witherbloom+Command#paper
Clever Lumimancer;$ 0.89;https://www.mtggoldfish.com//price/Strixhaven+School+of+Mages/Clever+Lumimancer#paper
Expressive Iteration;$ 7.26;https://www.mtggoldfish.com//price/Strixhaven+School+of+Mages/Expressive+Iteration#paper
Fracture;$ 0.82;https://www.mtggoldfish.com//price/Strixhaven+School+of+Mages/Fracture#paper
Plumb the Forbidden;$ 1.75;https://www.mtggoldfish.com//price/Strixhaven+School+of+Mages/Plumb+the+Forbidden#paper
Rip Apart;$ 0.73;https://www.mtggoldfish.com//price/Strixhaven+School+of+Mages/Rip+Apart#paper
Solve the Equation;$ 2.02;https://www.mtggoldfish.com//price/Strixhaven+School+of+Mages/Solve+the+Equation#paper
Storm-Kiln Artist;$ 1.13;https://www.mtggoldfish.com//price/Strixhaven+School+of+Mages/Storm-Kiln+Artist#paper
Test of Talents;$ 0.50;https://www.mtggoldfish.com//price/Strixhaven+School+of+Mages/Test+of+Talents#paper
Dragon's Approach;$ 2.06;https://www.mtggoldfish.com//price/Strixhaven+School+of+Mages/Dragons+Approach#paper
Bundle;$ 29;https://www.mtggoldfish.com//price/Strixhaven+School+of+Mages/Strixhaven+School+of+Mages+Bundle-sealed#paper
Collector Booster Box;$ 268;https://www.mtggoldfish.com//price/Strixhaven+School+of+Mages/Strixhaven+School+of+Mages+Collector+Booster+Box-sealed#paper
Collector Booster Pack;$ 22;https://www.mtggoldfish.com//price/Strixhaven+School+of+Mages/Strixhaven+School+of+Mages+Collector+Booster+Pack-sealed#paper
Draft Booster Box;$ 97;https://www.mtggoldfish.com//price/Strixhaven+School+of+Mages/Strixhaven+School+of+Mages+Draft+Booster+Box-sealed#paper
Draft Booster Pack;$ 3;https://www.mtggoldfish.com//price/Strixhaven+School+of+Mages/Strixhaven+School+of+Mages+Draft+Booster+Pack-sealed#paper
Set Booster Box;$ 90;https://www.mtggoldfish.com//price/Strixhaven+School+of+Mages/Strixhaven+School+of+Mages+Set+Booster+Box-sealed#paper
Set Booster Pack;$ 3;https://www.mtggoldfish.com//price/Strixhaven+School+of+Mages/Strixhaven+School+of+Mages+Set+Booster+Pack-sealed#paper
Theme Booster: Lorehold;;https://www.mtggoldfish.com//price/Strixhaven+School+of+Mages/Strixhaven+School+of+Mages+Theme+Booster+Lorehold-sealed#paper
Theme Booster: Prismari;;https://www.mtggoldfish.com//price/Strixhaven+School+of+Mages/Strixhaven+School+of+Mages+Theme+Booster+Prismari-sealed#paper
Theme Booster: Quandrix;;https://www.mtggoldfish.com//price/Strixhaven+School+of+Mages/Strixhaven+School+of+Mages+Theme+Booster+Quandrix-sealed#paper
Theme Booster: Silverquill;;https://www.mtggoldfish.com//price/Strixhaven+School+of+Mages/Strixhaven+School+of+Mages+Theme+Booster+Silverquill-sealed#paper
Theme Booster: Witherbloom;;https://www.mtggoldfish.com//price/Strixhaven+School+of+Mages/Strixhaven+School+of+Mages+Theme+Booster+Witherbloom-sealed#paper
Alrund's Epiphany;$ 8.01;https://www.mtggoldfish.com//price/Kaldheim/Alrunds+Epiphany#paper
Alrund, God of the Cosmos;$ 1.44;https://www.mtggoldfish.com//price/Kaldheim/Alrund+God+of+the+Cosmos#paper
Battle Mammoth;$ 1.41;https://www.mtggoldfish.com//price/Kaldheim/Battle+Mammoth#paper
Burning-Rune Demon;$ 2.99;https://www.mtggoldfish.com//price/Kaldheim/Burning-Rune+Demon#paper
Eradicator Valkyrie;$ 3.00;https://www.mtggoldfish.com//price/Kaldheim/Eradicator+Valkyrie#paper
Esika, God of the Tree;$ 8.95;https://www.mtggoldfish.com//price/Kaldheim/Esika+God+of+the+Tree#paper
Goldspan Dragon;$ 24.88;https://www.mtggoldfish.com//price/Kaldheim/Goldspan+Dragon#paper
Halvar, God of Battle;$ 7.36;https://www.mtggoldfish.com//price/Kaldheim/Halvar+God+of+Battle#paper
Haunting Voyage;$ 3.33;https://www.mtggoldfish.com//price/Kaldheim/Haunting+Voyage#paper
Kaya the Inexorable;$ 3.51;https://www.mtggoldfish.com//price/Kaldheim/Kaya+the+Inexorable#paper
Koma, Cosmos Serpent;$ 14.09;https://www.mtggoldfish.com//price/Kaldheim/Koma+Cosmos+Serpent#paper
Niko Aris;$ 1.27;https://www.mtggoldfish.com//price/Kaldheim/Niko+Aris#paper
Orvar, the All-Form;$ 3.99;https://www.mtggoldfish.com//price/Kaldheim/Orvar+the+All-Form#paper
Quakebringer;$ 2.00;https://www.mtggoldfish.com//price/Kaldheim/Quakebringer#paper
Resplendent Marshal;$ 1.25;https://www.mtggoldfish.com//price/Kaldheim/Resplendent+Marshal#paper
Starnheim Unleashed;$ 3.01;https://www.mtggoldfish.com//price/Kaldheim/Starnheim+Unleashed#paper
Toralf, God of Fury;$ 3.41;https://www.mtggoldfish.com//price/Kaldheim/Toralf+God+of+Fury#paper
Tyvar Kell;$ 5.99;https://www.mtggoldfish.com//price/Kaldheim/Tyvar+Kell#paper
Valki, God of Lies;$ 15.26;https://www.mtggoldfish.com//price/Kaldheim/Valki+God+of+Lies#paper
Vorinclex, Monstrous Raider;$ 35.00;https://www.mtggoldfish.com//price/Kaldheim/Vorinclex+Monstrous+Raider#paper
Ascendant Spirit;$ 0.50;https://www.mtggoldfish.com//price/Kaldheim/Ascendant+Spirit#paper
Barkchannel Pathway;$ 6.00;https://www.mtggoldfish.com//price/Kaldheim/Barkchannel+Pathway#paper
Birgi, God of Storytelling;$ 5.99;https://www.mtggoldfish.com//price/Kaldheim/Birgi+God+of+Storytelling#paper
Blightstep Pathway;$ 5.25;https://www.mtggoldfish.com//price/Kaldheim/Blightstep+Pathway#paper
Blood on the Snow;$ 0.50;https://www.mtggoldfish.com//price/Kaldheim/Blood+on+the+Snow#paper
Cosima, God of the Voyage;$ 0.85;https://www.mtggoldfish.com//price/Kaldheim/Cosima+God+of+the+Voyage#paper
Cosmos Elixir;$ 1.69;https://www.mtggoldfish.com//price/Kaldheim/Cosmos+Elixir#paper
Crippling Fear;$ 0.50;https://www.mtggoldfish.com//price/Kaldheim/Crippling+Fear#paper
Darkbore Pathway;$ 9.09;https://www.mtggoldfish.com//price/Kaldheim/Darkbore+Pathway#paper
Doomskar;$ 2.00;https://www.mtggoldfish.com//price/Kaldheim/Doomskar#paper
Draugr Necromancer;$ 0.50;https://www.mtggoldfish.com//price/Kaldheim/Draugr+Necromancer#paper
Dream Devourer;$ 0.99;https://www.mtggoldfish.com//price/Kaldheim/Dream+Devourer#paper
Egon, God of Death;$ 0.51;https://www.mtggoldfish.com//price/Kaldheim/Egon+God+of+Death#paper
Elvish Warmaster;$ 3.05;https://www.mtggoldfish.com//price/Kaldheim/Elvish+Warmaster#paper
Esika's Chariot;$ 0.92;https://www.mtggoldfish.com//price/Kaldheim/Esikas+Chariot#paper
Faceless Haven;$ 3.99;https://www.mtggoldfish.com//price/Kaldheim/Faceless+Haven#paper
Firja's Retribution;$ 0.50;https://www.mtggoldfish.com//price/Kaldheim/Firjas+Retribution#paper
Glorious Protector;$ 0.75;https://www.mtggoldfish.com//price/Kaldheim/Glorious+Protector#paper
Hengegate Pathway;$ 5.49;https://www.mtggoldfish.com//price/Kaldheim/Hengegate+Pathway#paper
Immersturm Predator;$ 0.50;https://www.mtggoldfish.com//price/Kaldheim/Immersturm+Predator#paper
In Search of Greatness;$ 1.35;https://www.mtggoldfish.com//price/Kaldheim/In+Search+of+Greatness#paper
Jorn, God of Winter;$ 0.76;https://www.mtggoldfish.com//price/Kaldheim/Jorn+God+of+Winter#paper
Kolvori, God of Kinship;$ 0.50;https://www.mtggoldfish.com//price/Kaldheim/Kolvori+God+of+Kinship#paper
Magda, Brazen Outlaw;$ 1.07;https://www.mtggoldfish.com//price/Kaldheim/Magda+Brazen+Outlaw#paper
Maskwood Nexus;$ 3.48;https://www.mtggoldfish.com//price/Kaldheim/Maskwood+Nexus#paper
Mystic Reflection;$ 3.00;https://www.mtggoldfish.com//price/Kaldheim/Mystic+Reflection#paper
Old-Growth Troll;$ 0.50;https://www.mtggoldfish.com//price/Kaldheim/Old-Growth+Troll#paper
Pyre of Heroes;$ 1.10;https://www.mtggoldfish.com//price/Kaldheim/Pyre+of+Heroes#paper
Rally the Ranks;$ 0.50;https://www.mtggoldfish.com//price/Kaldheim/Rally+the+Ranks#paper
Realmwalker;$ 4.02;https://www.mtggoldfish.com//price/Kaldheim/Realmwalker#paper
Reflections of Littjara;$ 1.18;https://www.mtggoldfish.com//price/Kaldheim/Reflections+of+Littjara#paper
Reidane, God of the Worthy;$ 1.05;https://www.mtggoldfish.com//price/Kaldheim/Reidane+God+of+the+Worthy#paper
Righteous Valkyrie;$ 3.18;https://www.mtggoldfish.com//price/Kaldheim/Righteous+Valkyrie#paper
Rise of the Dread Marn;$ 1.11;https://www.mtggoldfish.com//price/Kaldheim/Rise+of+the+Dread+Marn#paper
Sarulf, Realm Eater;$ 0.50;https://www.mtggoldfish.com//price/Kaldheim/Sarulf+Realm+Eater#paper
Search for Glory;$ 0.75;https://www.mtggoldfish.com//price/Kaldheim/Search+for+Glory#paper
Showdown of the Skalds;$ 0.75;https://www.mtggoldfish.com//price/Kaldheim/Showdown+of+the+Skalds#paper
Skemfar Avenger;$ 0.50;https://www.mtggoldfish.com//price/Kaldheim/Skemfar+Avenger#paper
Tergrid, God of Fright;$ 5.00;https://www.mtggoldfish.com//price/Kaldheim/Tergrid+God+of+Fright#paper
The World Tree;$ 4.01;https://www.mtggoldfish.com//price/Kaldheim/The+World+Tree#paper
Tibalt's Trickery;$ 2.15;https://www.mtggoldfish.com//price/Kaldheim/Tibalts+Trickery#paper
Toski, Bearer of Secrets;$ 8.49;https://www.mtggoldfish.com//price/Kaldheim/Toski+Bearer+of+Secrets#paper
Tyrite Sanctum;$ 0.77;https://www.mtggoldfish.com//price/Kaldheim/Tyrite+Sanctum#paper
Varragoth, Bloodsky Sire;$ 2.66;https://www.mtggoldfish.com//price/Kaldheim/Varragoth+Bloodsky+Sire#paper
Binding the Old Gods;$ 0.60;https://www.mtggoldfish.com//price/Kaldheim/Binding+the+Old+Gods#paper
Saw It Coming;$ 0.77;https://www.mtggoldfish.com//price/Kaldheim/Saw+It+Coming#paper
Ice Tunnel;$ 0.90;https://www.mtggoldfish.com//price/Kaldheim/Ice+Tunnel#paper
Rimewood Falls;$ 1.10;https://www.mtggoldfish.com//price/Kaldheim/Rimewood+Falls#paper
Snow-Covered Forest;$ 0.98;https://www.mtggoldfish.com//price/Kaldheim/Snow-Covered+Forest-284#paper
Snow-Covered Forest;$ 0.94;https://www.mtggoldfish.com//price/Kaldheim/Snow-Covered+Forest-285#paper
Snow-Covered Island;$ 1.30;https://www.mtggoldfish.com//price/Kaldheim/Snow-Covered+Island-278#paper
Snow-Covered Island;$ 1.16;https://www.mtggoldfish.com//price/Kaldheim/Snow-Covered+Island-279#paper
Snow-Covered Mountain;$ 0.86;https://www.mtggoldfish.com//price/Kaldheim/Snow-Covered+Mountain-282#paper
Snow-Covered Mountain;$ 0.79;https://www.mtggoldfish.com//price/Kaldheim/Snow-Covered+Mountain-283#paper
Snow-Covered Swamp;$ 0.93;https://www.mtggoldfish.com//price/Kaldheim/Snow-Covered+Swamp-280#paper
Snow-Covered Swamp;$ 0.99;https://www.mtggoldfish.com//price/Kaldheim/Snow-Covered+Swamp-281#paper
Volatile Fjord;$ 0.50;https://www.mtggoldfish.com//price/Kaldheim/Volatile+Fjord#paper
Woodland Chasm;$ 0.86;https://www.mtggoldfish.com//price/Kaldheim/Woodland+Chasm#paper
Collector Booster Box;;https://www.mtggoldfish.com//price/Kaldheim/Kaldheim+Collector+Booster+Box-sealed#paper
Collector Booster Pack;;https://www.mtggoldfish.com//price/Kaldheim/Kaldheim+Collector+Booster+Pack-sealed#paper
Draft Booster Box;;https://www.mtggoldfish.com//price/Kaldheim/Kaldheim+Draft+Booster+Box-sealed#paper
Draft Booster Pack;;https://www.mtggoldfish.com//price/Kaldheim/Kaldheim+Draft+Booster+Pack-sealed#paper
Set Booster Box;;https://www.mtggoldfish.com//price/Kaldheim/Kaldheim+Set+Booster+Box-sealed#paper
Set Booster Pack;;https://www.mtggoldfish.com//price/Kaldheim/Kaldheim+Set+Booster+Pack-sealed#paper
Theme Booster: Black;;https://www.mtggoldfish.com//price/Kaldheim/Kaldheim+Theme+Booster+Black-sealed#paper
Theme Booster: Blue;;https://www.mtggoldfish.com//price/Kaldheim/Kaldheim+Theme+Booster+Blue-sealed#paper
Theme Booster: Green;;https://www.mtggoldfish.com//price/Kaldheim/Kaldheim+Theme+Booster+Green-sealed#paper
Theme Booster: Red;;https://www.mtggoldfish.com//price/Kaldheim/Kaldheim+Theme+Booster+Red-sealed#paper
Theme Booster: Viking;;https://www.mtggoldfish.com//price/Kaldheim/Kaldheim+Theme+Booster+Viking-sealed#paper
Theme Booster: White;;https://www.mtggoldfish.com//price/Kaldheim/Kaldheim+Theme+Booster+White-sealed#paper
Agadeem's Awakening;$ 14.80;https://www.mtggoldfish.com//price/Zendikar+Rising/Agadeems+Awakening#paper
Ancient Greenwarden;$ 11.98;https://www.mtggoldfish.com//price/Zendikar+Rising/Ancient+Greenwarden#paper
Angel of Destiny;$ 4.00;https://www.mtggoldfish.com//price/Zendikar+Rising/Angel+of+Destiny#paper
Ashaya, Soul of the Wild;$ 6.99;https://www.mtggoldfish.com//price/Zendikar+Rising/Ashaya+Soul+of+the+Wild#paper
Drana, the Last Bloodchief;$ 1.95;https://www.mtggoldfish.com//price/Zendikar+Rising/Drana+the+Last+Bloodchief#paper
Emeria's Call;$ 2.66;https://www.mtggoldfish.com//price/Zendikar+Rising/Emerias+Call#paper
Forsaken Monument;$ 6.56;https://www.mtggoldfish.com//price/Zendikar+Rising/Forsaken+Monument#paper
Jace, Mirror Mage;$ 1.45;https://www.mtggoldfish.com//price/Zendikar+Rising/Jace+Mirror+Mage#paper
Leyline Tyrant;$ 3.74;https://www.mtggoldfish.com//price/Zendikar+Rising/Leyline+Tyrant#paper
Lithoform Engine;$ 11.50;https://www.mtggoldfish.com//price/Zendikar+Rising/Lithoform+Engine#paper
Moraug, Fury of Akoum;$ 4.48;https://www.mtggoldfish.com//price/Zendikar+Rising/Moraug+Fury+of+Akoum#paper
Nahiri, Heir of the Ancients;$ 1.33;https://www.mtggoldfish.com//price/Zendikar+Rising/Nahiri+Heir+of+the+Ancients#paper
Nissa of Shadowed Boughs;$ 2.50;https://www.mtggoldfish.com//price/Zendikar+Rising/Nissa+of+Shadowed+Boughs#paper
Omnath, Locus of Creation;$ 6.00;https://www.mtggoldfish.com//price/Zendikar+Rising/Omnath+Locus+of+Creation#paper
Scourge of the Skyclaves;$ 11.54;https://www.mtggoldfish.com//price/Zendikar+Rising/Scourge+of+the+Skyclaves#paper
Sea Gate Restoration;$ 11.44;https://www.mtggoldfish.com//price/Zendikar+Rising/Sea+Gate+Restoration#paper
Sea Gate Stormcaller;$ 1.86;https://www.mtggoldfish.com//price/Zendikar+Rising/Sea+Gate+Stormcaller#paper
Shatterskull Smashing;$ 4.00;https://www.mtggoldfish.com//price/Zendikar+Rising/Shatterskull+Smashing#paper
Tazri, Beacon of Unity;$ 0.75;https://www.mtggoldfish.com//price/Zendikar+Rising/Tazri+Beacon+of+Unity#paper
Turntimber Symbiosis;$ 3.13;https://www.mtggoldfish.com//price/Zendikar+Rising/Turntimber+Symbiosis#paper
Archon of Emeria;$ 1.41;https://www.mtggoldfish.com//price/Zendikar+Rising/Archon+of+Emeria#paper
Branchloft Pathway;$ 2.98;https://www.mtggoldfish.com//price/Zendikar+Rising/Branchloft+Pathway#paper
Brightclimb Pathway;$ 4.54;https://www.mtggoldfish.com//price/Zendikar+Rising/Brightclimb+Pathway#paper
Clearwater Pathway;$ 5.67;https://www.mtggoldfish.com//price/Zendikar+Rising/Clearwater+Pathway#paper
Confounding Conundrum;$ 0.50;https://www.mtggoldfish.com//price/Zendikar+Rising/Confounding+Conundrum#paper
Cragcrown Pathway;$ 3.00;https://www.mtggoldfish.com//price/Zendikar+Rising/Cragcrown+Pathway#paper
Crawling Barrens;$ 0.50;https://www.mtggoldfish.com//price/Zendikar+Rising/Crawling+Barrens#paper
Felidar Retreat;$ 1.75;https://www.mtggoldfish.com//price/Zendikar+Rising/Felidar+Retreat#paper
Glasspool Mimic;$ 4.12;https://www.mtggoldfish.com//price/Zendikar+Rising/Glasspool+Mimic#paper
Hagra Mauling;$ 0.99;https://www.mtggoldfish.com//price/Zendikar+Rising/Hagra+Mauling#paper
Inscription of Abundance;$ 0.50;https://www.mtggoldfish.com//price/Zendikar+Rising/Inscription+of+Abundance#paper
Kazandu Mammoth;$ 0.50;https://www.mtggoldfish.com//price/Zendikar+Rising/Kazandu+Mammoth#paper
Legion Angel;$ 0.70;https://www.mtggoldfish.com//price/Zendikar+Rising/Legion+Angel#paper
Lotus Cobra;$ 2.67;https://www.mtggoldfish.com//price/Zendikar+Rising/Lotus+Cobra#paper
Luminarch Aspirant;$ 1.95;https://www.mtggoldfish.com//price/Zendikar+Rising/Luminarch+Aspirant#paper
Maddening Cacophony;$ 2.01;https://www.mtggoldfish.com//price/Zendikar+Rising/Maddening+Cacophony#paper
Magmatic Channeler;$ 0.85;https://www.mtggoldfish.com//price/Zendikar+Rising/Magmatic+Channeler#paper
Maul of the Skyclaves;$ 1.29;https://www.mtggoldfish.com//price/Zendikar+Rising/Maul+of+the+Skyclaves#paper
Needleverge Pathway;$ 4.25;https://www.mtggoldfish.com//price/Zendikar+Rising/Needleverge+Pathway#paper
Nighthawk Scavenger;$ 1.49;https://www.mtggoldfish.com//price/Zendikar+Rising/Nighthawk+Scavenger#paper
Nullpriest of Oblivion;$ 0.73;https://www.mtggoldfish.com//price/Zendikar+Rising/Nullpriest+of+Oblivion#paper
Ondu Inversion;$ 0.69;https://www.mtggoldfish.com//price/Zendikar+Rising/Ondu+Inversion#paper
Phylath, World Sculptor;$ 0.58;https://www.mtggoldfish.com//price/Zendikar+Rising/Phylath+World+Sculptor#paper
Riverglide Pathway;$ 5.74;https://www.mtggoldfish.com//price/Zendikar+Rising/Riverglide+Pathway#paper
Roiling Vortex;$ 0.50;https://www.mtggoldfish.com//price/Zendikar+Rising/Roiling+Vortex#paper
Scute Swarm;$ 6.25;https://www.mtggoldfish.com//price/Zendikar+Rising/Scute+Swarm#paper
Skyclave Apparition;$ 8.21;https://www.mtggoldfish.com//price/Zendikar+Rising/Skyclave+Apparition#paper
Skyclave Relic;$ 2.11;https://www.mtggoldfish.com//price/Zendikar+Rising/Skyclave+Relic#paper
Soul Shatter;$ 0.81;https://www.mtggoldfish.com//price/Zendikar+Rising/Soul+Shatter#paper
Thieving Skydiver;$ 1.50;https://www.mtggoldfish.com//price/Zendikar+Rising/Thieving+Skydiver#paper
Valakut Awakening;$ 5.87;https://www.mtggoldfish.com//price/Zendikar+Rising/Valakut+Awakening#paper
Valakut Exploration;$ 0.83;https://www.mtggoldfish.com//price/Zendikar+Rising/Valakut+Exploration#paper
Yasharn, Implacable Earth;$ 0.50;https://www.mtggoldfish.com//price/Zendikar+Rising/Yasharn+Implacable+Earth#paper
Zareth San, the Trickster;$ 0.50;https://www.mtggoldfish.com//price/Zendikar+Rising/Zareth+San+the+Trickster#paper
Bala Ged Recovery;$ 3.02;https://www.mtggoldfish.com//price/Zendikar+Rising/Bala+Ged+Recovery#paper
Malakir Rebirth;$ 3.47;https://www.mtggoldfish.com//price/Zendikar+Rising/Malakir+Rebirth#paper
Ruin Crab;$ 1.40;https://www.mtggoldfish.com//price/Zendikar+Rising/Ruin+Crab#paper
Feed the Swarm;$ 0.74;https://www.mtggoldfish.com//price/Zendikar+Rising/Feed+the+Swarm#paper
Island;$ 0.72;https://www.mtggoldfish.com//price/Zendikar+Rising/Island-271#paper
Bundle;;https://www.mtggoldfish.com//price/Zendikar+Rising/Zendikar+Rising+Bundle-sealed#paper
Bundle Gift Edition;;https://www.mtggoldfish.com//price/Zendikar+Rising/Zendikar+Rising+Bundle+Gift+Edition-sealed#paper
Collector Booster Box;;https://www.mtggoldfish.com//price/Zendikar+Rising/Zendikar+Rising+Collector+Booster+Box-sealed#paper
Collector Booster Pack;;https://www.mtggoldfish.com//price/Zendikar+Rising/Zendikar+Rising+Collector+Booster+Pack-sealed#paper
Draft Booster Box;;https://www.mtggoldfish.com//price/Zendikar+Rising/Zendikar+Rising+Draft+Booster+Box-sealed#paper
Draft Booster Pack;;https://www.mtggoldfish.com//price/Zendikar+Rising/Zendikar+Rising+Draft+Booster+Pack-sealed#paper
Prerelease Pack;;https://www.mtggoldfish.com//price/Zendikar+Rising/Zendikar+Rising+Prerelease+Pack-sealed#paper
Set Booster Box;;https://www.mtggoldfish.com//price/Zendikar+Rising/Zendikar+Rising+Set+Booster+Box-sealed#paper
Set Booster Pack;;https://www.mtggoldfish.com//price/Zendikar+Rising/Zendikar+Rising+Set+Booster+Pack-sealed#paper
Theme Booster: Black;;https://www.mtggoldfish.com//price/Zendikar+Rising/Zendikar+Rising+Theme+Booster+Black-sealed#paper
Theme Booster: Blue;;https://www.mtggoldfish.com//price/Zendikar+Rising/Zendikar+Rising+Theme+Booster+Blue-sealed#paper
Theme Booster: Green;;https://www.mtggoldfish.com//price/Zendikar+Rising/Zendikar+Rising+Theme+Booster+Green-sealed#paper
Theme Booster: Party;;https://www.mtggoldfish.com//price/Zendikar+Rising/Zendikar+Rising+Theme+Booster+Party-sealed#paper
Theme Booster: Red;;https://www.mtggoldfish.com//price/Zendikar+Rising/Zendikar+Rising+Theme+Booster+Red-sealed#paper
Theme Booster: White;;https://www.mtggoldfish.com//price/Zendikar+Rising/Zendikar+Rising+Theme+Booster+White-sealed#paper
Baneslayer Angel;$ 2.67;https://www.mtggoldfish.com//price/Core+Set+2021/Baneslayer+Angel#paper
Basri Ket;$ 1.92;https://www.mtggoldfish.com//price/Core+Set+2021/Basri+Ket#paper
Chandra, Heart of Fire;$ 1.02;https://www.mtggoldfish.com//price/Core+Set+2021/Chandra+Heart+of+Fire#paper
Chromatic Orrery;$ 17.00;https://www.mtggoldfish.com//price/Core+Set+2021/Chromatic+Orrery#paper
Discontinuity;$ 1.85;https://www.mtggoldfish.com//price/Core+Set+2021/Discontinuity#paper
Elder Gargaroth;$ 16.88;https://www.mtggoldfish.com//price/Core+Set+2021/Elder+Gargaroth#paper
Fiery Emancipation;$ 19.25;https://www.mtggoldfish.com//price/Core+Set+2021/Fiery+Emancipation#paper
Garruk, Unleashed;$ 1.91;https://www.mtggoldfish.com//price/Core+Set+2021/Garruk+Unleashed#paper
Grim Tutor;$ 16.51;https://www.mtggoldfish.com//price/Core+Set+2021/Grim+Tutor#paper
Liliana, Waker of the Dead;$ 4.97;https://www.mtggoldfish.com//price/Core+Set+2021/Liliana+Waker+of+the+Dead#paper
Mangara, the Diplomat;$ 10.96;https://www.mtggoldfish.com//price/Core+Set+2021/Mangara+the+Diplomat#paper
Massacre Wurm;$ 4.14;https://www.mtggoldfish.com//price/Core+Set+2021/Massacre+Wurm#paper
Teferi, Master of Time;$ 9.99;https://www.mtggoldfish.com//price/Core+Set+2021/Teferi+Master+of+Time-275#paper
Teferi, Master of Time;$ 9.99;https://www.mtggoldfish.com//price/Core+Set+2021/Teferi+Master+of+Time-276#paper
Teferi, Master of Time;$ 10.29;https://www.mtggoldfish.com//price/Core+Set+2021/Teferi+Master+of+Time-277#paper
Teferi, Master of Time;$ 9.28;https://www.mtggoldfish.com//price/Core+Set+2021/Teferi+Master+of+Time-75#paper
Terror of the Peaks;$ 19.51;https://www.mtggoldfish.com//price/Core+Set+2021/Terror+of+the+Peaks#paper
Ugin, the Spirit Dragon;$ 27.98;https://www.mtggoldfish.com//price/Core+Set+2021/Ugin+the+Spirit+Dragon#paper
Animal Sanctuary;$ 0.63;https://www.mtggoldfish.com//price/Core+Set+2021/Animal+Sanctuary#paper
Azusa, Lost but Seeking;$ 7.75;https://www.mtggoldfish.com//price/Core+Set+2021/Azusa+Lost+but+Seeking#paper
Barrin, Tolarian Archmage;$ 0.50;https://www.mtggoldfish.com//price/Core+Set+2021/Barrin+Tolarian+Archmage#paper
Basri's Lieutenant;$ 0.50;https://www.mtggoldfish.com//price/Core+Set+2021/Basris+Lieutenant#paper
Brash Taunter;$ 1.99;https://www.mtggoldfish.com//price/Core+Set+2021/Brash+Taunter#paper
Chandra's Incinerator;$ 0.71;https://www.mtggoldfish.com//price/Core+Set+2021/Chandras+Incinerator#paper
Conspicuous Snoop;$ 1.74;https://www.mtggoldfish.com//price/Core+Set+2021/Conspicuous+Snoop#paper
Containment Priest;$ 0.58;https://www.mtggoldfish.com//price/Core+Set+2021/Containment+Priest#paper
Double Vision;$ 0.99;https://www.mtggoldfish.com//price/Core+Set+2021/Double+Vision#paper
Fabled Passage;$ 8.42;https://www.mtggoldfish.com//price/Core+Set+2021/Fabled+Passage#paper
Feline Sovereign;$ 0.55;https://www.mtggoldfish.com//price/Core+Set+2021/Feline+Sovereign#paper
Gadrak, the Crown-Scourge;$ 0.90;https://www.mtggoldfish.com//price/Core+Set+2021/Gadrak+the+Crown-Scourge#paper
Ghostly Pilferer;$ 0.88;https://www.mtggoldfish.com//price/Core+Set+2021/Ghostly+Pilferer#paper
Heroic Intervention;$ 9.64;https://www.mtggoldfish.com//price/Core+Set+2021/Heroic+Intervention#paper
Hooded Blightfang;$ 0.80;https://www.mtggoldfish.com//price/Core+Set+2021/Hooded+Blightfang#paper
Jolrael, Mwonvuli Recluse;$ 0.59;https://www.mtggoldfish.com//price/Core+Set+2021/Jolrael+Mwonvuli+Recluse#paper
Mazemind Tome;$ 2.00;https://www.mtggoldfish.com//price/Core+Set+2021/Mazemind+Tome#paper
Pack Leader;$ 0.50;https://www.mtggoldfish.com//price/Core+Set+2021/Pack+Leader#paper
Peer into the Abyss;$ 1.19;https://www.mtggoldfish.com//price/Core+Set+2021/Peer+into+the+Abyss#paper
Radha, Heart of Keld;$ 1.21;https://www.mtggoldfish.com//price/Core+Set+2021/Radha+Heart+of+Keld#paper
Sanctum of All;$ 0.50;https://www.mtggoldfish.com//price/Core+Set+2021/Sanctum+of+All#paper
Scavenging Ooze;$ 1.00;https://www.mtggoldfish.com//price/Core+Set+2021/Scavenging+Ooze#paper
See the Truth;$ 0.79;https://www.mtggoldfish.com//price/Core+Set+2021/See+the+Truth#paper
Solemn Simulacrum;$ 1.70;https://www.mtggoldfish.com//price/Core+Set+2021/Solemn+Simulacrum#paper
Speaker of the Heavens;$ 1.90;https://www.mtggoldfish.com//price/Core+Set+2021/Speaker+of+the+Heavens#paper
Stormwing Entity;$ 7.49;https://www.mtggoldfish.com//price/Core+Set+2021/Stormwing+Entity#paper
Sublime Epiphany;$ 2.85;https://www.mtggoldfish.com//price/Core+Set+2021/Sublime+Epiphany#paper
Teferi's Ageless Insight;$ 1.69;https://www.mtggoldfish.com//price/Core+Set+2021/Teferis+Ageless+Insight#paper
Temple of Epiphany;$ 0.69;https://www.mtggoldfish.com//price/Core+Set+2021/Temple+of+Epiphany#paper
Temple of Malady;$ 0.57;https://www.mtggoldfish.com//price/Core+Set+2021/Temple+of+Malady#paper
Temple of Mystery;$ 0.51;https://www.mtggoldfish.com//price/Core+Set+2021/Temple+of+Mystery#paper
Temple of Silence;$ 0.78;https://www.mtggoldfish.com//price/Core+Set+2021/Temple+of+Silence#paper
Temple of Triumph;$ 0.52;https://www.mtggoldfish.com//price/Core+Set+2021/Temple+of+Triumph#paper
Thieves' Guild Enforcer;$ 0.99;https://www.mtggoldfish.com//price/Core+Set+2021/Thieves+Guild+Enforcer#paper
Vito, Thorn of the Dusk Rose;$ 5.00;https://www.mtggoldfish.com//price/Core+Set+2021/Vito+Thorn+of+the+Dusk+Rose#paper
Archfiend's Vessel;$ 0.67;https://www.mtggoldfish.com//price/Core+Set+2021/Archfiends+Vessel#paper
Conclave Mentor;$ 1.50;https://www.mtggoldfish.com//price/Core+Set+2021/Conclave+Mentor#paper
Cultivate;$ 0.65;https://www.mtggoldfish.com//price/Core+Set+2021/Cultivate#paper
Garruk's Uprising;$ 2.31;https://www.mtggoldfish.com//price/Core+Set+2021/Garruks+Uprising#paper
Indulging Patrician;$ 0.85;https://www.mtggoldfish.com//price/Core+Set+2021/Indulging+Patrician#paper
Miscast;$ 1.64;https://www.mtggoldfish.com//price/Core+Set+2021/Miscast#paper
Selfless Savior;$ 0.75;https://www.mtggoldfish.com//price/Core+Set+2021/Selfless+Savior#paper
Teferi's Tutelage;$ 0.56;https://www.mtggoldfish.com//price/Core+Set+2021/Teferis+Tutelage#paper
Arena Starter Kit;;https://www.mtggoldfish.com//price/Core+Set+2021/Arena+Starter+Kit-sealed#paper
Bundle;;https://www.mtggoldfish.com//price/Core+Set+2021/Core+Set+2021+Bundle-sealed#paper
Collector Booster Box;;https://www.mtggoldfish.com//price/Core+Set+2021/Core+Set+2021+Collector+Booster+Box-sealed#paper
Collector Booster Pack;;https://www.mtggoldfish.com//price/Core+Set+2021/Core+Set+2021+Collector+Booster+Pack-sealed#paper
Draft Booster Box;;https://www.mtggoldfish.com//price/Core+Set+2021/Core+Set+2021+Draft+Booster+Box-sealed#paper
Draft Booster Pack;;https://www.mtggoldfish.com//price/Core+Set+2021/Core+Set+2021+Draft+Booster+Pack-sealed#paper
Planeswalker Deck: Basri;;https://www.mtggoldfish.com//price/Core+Set+2021/Core+Set+2021+Planeswalker+Deck+Basri-sealed#paper
Planeswalker Deck: Chandra;;https://www.mtggoldfish.com//price/Core+Set+2021/Core+Set+2021+Planeswalker+Deck+Chandra-sealed#paper
Planeswalker Deck: Garruk;;https://www.mtggoldfish.com//price/Core+Set+2021/Core+Set+2021+Planeswalker+Deck+Garruk-sealed#paper
Planeswalker Deck: Liliana;;https://www.mtggoldfish.com//price/Core+Set+2021/Core+Set+2021+Planeswalker+Deck+Liliana-sealed#paper
Planeswalker Deck: Teferi;;https://www.mtggoldfish.com//price/Core+Set+2021/Core+Set+2021+Planeswalker+Deck+Teferi-sealed#paper
Prerelease Pack;;https://www.mtggoldfish.com//price/Core+Set+2021/Core+Set+2021+Prerelease+Pack-sealed#paper
Brokkos, Apex of Forever;$ 1.82;https://www.mtggoldfish.com//price/Ikoria+Lair+of+Behemoths/Brokkos+Apex+of+Forever#paper
Chevill, Bane of Monsters;$ 1.95;https://www.mtggoldfish.com//price/Ikoria+Lair+of+Behemoths/Chevill+Bane+of+Monsters#paper
Fiend Artisan;$ 8.36;https://www.mtggoldfish.com//price/Ikoria+Lair+of+Behemoths/Fiend+Artisan#paper
General Kudro of Drannith;$ 3.02;https://www.mtggoldfish.com//price/Ikoria+Lair+of+Behemoths/General+Kudro+of+Drannith#paper
Illuna, Apex of Wishes;$ 1.49;https://www.mtggoldfish.com//price/Ikoria+Lair+of+Behemoths/Illuna+Apex+of+Wishes#paper
Kinnan, Bonder Prodigy;$ 6.22;https://www.mtggoldfish.com//price/Ikoria+Lair+of+Behemoths/Kinnan+Bonder+Prodigy#paper
Lukka, Coppercoat Outcast;$ 2.33;https://www.mtggoldfish.com//price/Ikoria+Lair+of+Behemoths/Lukka+Coppercoat+Outcast#paper
Luminous Broodmoth;$ 9.82;https://www.mtggoldfish.com//price/Ikoria+Lair+of+Behemoths/Luminous+Broodmoth#paper
Narset of the Ancient Way;$ 2.29;https://www.mtggoldfish.com//price/Ikoria+Lair+of+Behemoths/Narset+of+the+Ancient+Way#paper
Nethroi, Apex of Death;$ 3.07;https://www.mtggoldfish.com//price/Ikoria+Lair+of+Behemoths/Nethroi+Apex+of+Death#paper
Rielle, the Everwise;$ 3.38;https://www.mtggoldfish.com//price/Ikoria+Lair+of+Behemoths/Rielle+the+Everwise#paper
Snapdax, Apex of the Hunt;$ 1.06;https://www.mtggoldfish.com//price/Ikoria+Lair+of+Behemoths/Snapdax+Apex+of+the+Hunt#paper
Vadrok, Apex of Thunder;$ 1.31;https://www.mtggoldfish.com//price/Ikoria+Lair+of+Behemoths/Vadrok+Apex+of+Thunder#paper
Vivien, Monsters' Advocate;$ 7.73;https://www.mtggoldfish.com//price/Ikoria+Lair+of+Behemoths/Vivien+Monsters+Advocate#paper
Winota, Joiner of Forces;$ 4.79;https://www.mtggoldfish.com//price/Ikoria+Lair+of+Behemoths/Winota+Joiner+of+Forces#paper
Bonders' Enclave;$ 1.89;https://www.mtggoldfish.com//price/Ikoria+Lair+of+Behemoths/Bonders+Enclave#paper
Colossification;$ 0.50;https://www.mtggoldfish.com//price/Ikoria+Lair+of+Behemoths/Colossification#paper
Crystalline Giant;$ 0.98;https://www.mtggoldfish.com//price/Ikoria+Lair+of+Behemoths/Crystalline+Giant#paper
Dirge Bat;$ 0.55;https://www.mtggoldfish.com//price/Ikoria+Lair+of+Behemoths/Dirge+Bat#paper
Drannith Magistrate;$ 5.60;https://www.mtggoldfish.com//price/Ikoria+Lair+of+Behemoths/Drannith+Magistrate#paper
Eerie Ultimatum;$ 2.90;https://www.mtggoldfish.com//price/Ikoria+Lair+of+Behemoths/Eerie+Ultimatum#paper
Emergent Ultimatum;$ 1.00;https://www.mtggoldfish.com//price/Ikoria+Lair+of+Behemoths/Emergent+Ultimatum#paper
Extinction Event;$ 1.25;https://www.mtggoldfish.com//price/Ikoria+Lair+of+Behemoths/Extinction+Event#paper
Gemrazer;$ 0.98;https://www.mtggoldfish.com//price/Ikoria+Lair+of+Behemoths/Gemrazer#paper
Genesis Ultimatum;$ 1.50;https://www.mtggoldfish.com//price/Ikoria+Lair+of+Behemoths/Genesis+Ultimatum#paper
Gyruda, Doom of Depths;$ 0.64;https://www.mtggoldfish.com//price/Ikoria+Lair+of+Behemoths/Gyruda+Doom+of+Depths#paper
Indatha Triome;$ 8.23;https://www.mtggoldfish.com//price/Ikoria+Lair+of+Behemoths/Indatha+Triome#paper
Jegantha, the Wellspring;$ 0.99;https://www.mtggoldfish.com//price/Ikoria+Lair+of+Behemoths/Jegantha+the+Wellspring#paper
Kaheera, the Orphanguard;$ 0.98;https://www.mtggoldfish.com//price/Ikoria+Lair+of+Behemoths/Kaheera+the+Orphanguard#paper
Ketria Triome;$ 12.00;https://www.mtggoldfish.com//price/Ikoria+Lair+of+Behemoths/Ketria+Triome#paper
Kogla, the Titan Ape;$ 1.18;https://www.mtggoldfish.com//price/Ikoria+Lair+of+Behemoths/Kogla+the+Titan+Ape#paper
Lurrus of the Dream-Den;$ 12.00;https://www.mtggoldfish.com//price/Ikoria+Lair+of+Behemoths/Lurrus+of+the+Dream-Den#paper
Mythos of Nethroi;$ 0.62;https://www.mtggoldfish.com//price/Ikoria+Lair+of+Behemoths/Mythos+of+Nethroi#paper
Mythos of Snapdax;$ 0.50;https://www.mtggoldfish.com//price/Ikoria+Lair+of+Behemoths/Mythos+of+Snapdax#paper
Obosh, the Preypiercer;$ 0.57;https://www.mtggoldfish.com//price/Ikoria+Lair+of+Behemoths/Obosh+the+Preypiercer#paper
Quartzwood Crasher;$ 1.22;https://www.mtggoldfish.com//price/Ikoria+Lair+of+Behemoths/Quartzwood+Crasher#paper
Raugrin Triome;$ 11.57;https://www.mtggoldfish.com//price/Ikoria+Lair+of+Behemoths/Raugrin+Triome#paper
Ruinous Ultimatum;$ 3.75;https://www.mtggoldfish.com//price/Ikoria+Lair+of+Behemoths/Ruinous+Ultimatum#paper
Savai Triome;$ 8.20;https://www.mtggoldfish.com//price/Ikoria+Lair+of+Behemoths/Savai+Triome#paper
Sea-Dasher Octopus;$ 1.37;https://www.mtggoldfish.com//price/Ikoria+Lair+of+Behemoths/Sea-Dasher+Octopus#paper
Shark Typhoon;$ 8.99;https://www.mtggoldfish.com//price/Ikoria+Lair+of+Behemoths/Shark+Typhoon#paper
Skycat Sovereign;$ 0.50;https://www.mtggoldfish.com//price/Ikoria+Lair+of+Behemoths/Skycat+Sovereign#paper
Song of Creation;$ 0.57;https://www.mtggoldfish.com//price/Ikoria+Lair+of+Behemoths/Song+of+Creation#paper
The Ozolith;$ 14.00;https://www.mtggoldfish.com//price/Ikoria+Lair+of+Behemoths/The+Ozolith#paper
Titans' Nest;$ 0.50;https://www.mtggoldfish.com//price/Ikoria+Lair+of+Behemoths/Titans+Nest#paper
Whirlwind of Thought;$ 0.89;https://www.mtggoldfish.com//price/Ikoria+Lair+of+Behemoths/Whirlwind+of+Thought#paper
Yidaro, Wandering Monster;$ 0.70;https://www.mtggoldfish.com//price/Ikoria+Lair+of+Behemoths/Yidaro+Wandering+Monster#paper
Yorion, Sky Nomad;$ 3.66;https://www.mtggoldfish.com//price/Ikoria+Lair+of+Behemoths/Yorion+Sky+Nomad#paper
Zagoth Triome;$ 15.00;https://www.mtggoldfish.com//price/Ikoria+Lair+of+Behemoths/Zagoth+Triome#paper
Zirda, the Dawnwaker;$ 1.44;https://www.mtggoldfish.com//price/Ikoria+Lair+of+Behemoths/Zirda+the+Dawnwaker#paper
Bastion of Remembrance;$ 3.00;https://www.mtggoldfish.com//price/Ikoria+Lair+of+Behemoths/Bastion+of+Remembrance#paper
Call of the Death-Dweller;$ 0.99;https://www.mtggoldfish.com//price/Ikoria+Lair+of+Behemoths/Call+of+the+Death-Dweller#paper
Heartless Act;$ 1.45;https://www.mtggoldfish.com//price/Ikoria+Lair+of+Behemoths/Heartless+Act#paper
Migration Path;$ 1.00;https://www.mtggoldfish.com//price/Ikoria+Lair+of+Behemoths/Migration+Path#paper
Reconnaissance Mission;$ 0.68;https://www.mtggoldfish.com//price/Ikoria+Lair+of+Behemoths/Reconnaissance+Mission#paper
Sprite Dragon;$ 3.75;https://www.mtggoldfish.com//price/Ikoria+Lair+of+Behemoths/Sprite+Dragon#paper
Booster Box;;https://www.mtggoldfish.com//price/Ikoria+Lair+of+Behemoths/Ikoria+Lair+of+Behemoths+Booster+Box-sealed#paper
Booster Pack;;https://www.mtggoldfish.com//price/Ikoria+Lair+of+Behemoths/Ikoria+Lair+of+Behemoths+Booster+Pack-sealed#paper
Bundle;;https://www.mtggoldfish.com//price/Ikoria+Lair+of+Behemoths/Ikoria+Lair+of+Behemoths+Bundle-sealed#paper
Collector Booster Box;;https://www.mtggoldfish.com//price/Ikoria+Lair+of+Behemoths/Ikoria+Lair+of+Behemoths+Collector+Booster+Box-sealed#paper
Collector Booster Pack;;https://www.mtggoldfish.com//price/Ikoria+Lair+of+Behemoths/Ikoria+Lair+of+Behemoths+Collector+Booster+Pack-sealed#paper
Theme Booster: Black;;https://www.mtggoldfish.com//price/Ikoria+Lair+of+Behemoths/Ikoria+Lair+of+Behemoths+Theme+Booster+Black-sealed#paper
Theme Booster: Blue;;https://www.mtggoldfish.com//price/Ikoria+Lair+of+Behemoths/Ikoria+Lair+of+Behemoths+Theme+Booster+Blue-sealed#paper
Theme Booster: Green;;https://www.mtggoldfish.com//price/Ikoria+Lair+of+Behemoths/Ikoria+Lair+of+Behemoths+Theme+Booster+Green-sealed#paper
Theme Booster: Monsters;;https://www.mtggoldfish.com//price/Ikoria+Lair+of+Behemoths/Ikoria+Lair+of+Behemoths+Theme+Booster+Monsters-sealed#paper
Theme Booster: Red;;https://www.mtggoldfish.com//price/Ikoria+Lair+of+Behemoths/Ikoria+Lair+of+Behemoths+Theme+Booster+Red-sealed#paper
Theme Booster: White;;https://www.mtggoldfish.com//price/Ikoria+Lair+of+Behemoths/Ikoria+Lair+of+Behemoths+Theme+Booster+White-sealed#paper
Ashiok, Nightmare Muse;$ 3.45;https://www.mtggoldfish.com//price/Theros+Beyond+Death/Ashiok+Nightmare+Muse#paper
Calix, Destiny's Hand;$ 2.00;https://www.mtggoldfish.com//price/Theros+Beyond+Death/Calix+Destinys+Hand#paper
Elspeth, Sun's Nemesis;$ 1.50;https://www.mtggoldfish.com//price/Theros+Beyond+Death/Elspeth+Suns+Nemesis#paper
Erebos, Bleak-Hearted;$ 2.32;https://www.mtggoldfish.com//price/Theros+Beyond+Death/Erebos+Bleak-Hearted#paper
Heliod, Sun-Crowned;$ 21.05;https://www.mtggoldfish.com//price/Theros+Beyond+Death/Heliod+Sun-Crowned#paper
Kiora Bests the Sea God;$ 4.47;https://www.mtggoldfish.com//price/Theros+Beyond+Death/Kiora+Bests+the+Sea+God#paper
Klothys, God of Destiny;$ 9.99;https://www.mtggoldfish.com//price/Theros+Beyond+Death/Klothys+God+of+Destiny#paper
Kroxa, Titan of Death's Hunger;$ 26.99;https://www.mtggoldfish.com//price/Theros+Beyond+Death/Kroxa+Titan+of+Deaths+Hunger#paper
Nylea, Keen-Eyed;$ 3.97;https://www.mtggoldfish.com//price/Theros+Beyond+Death/Nylea+Keen-Eyed#paper
Nyxbloom Ancient;$ 17.49;https://www.mtggoldfish.com//price/Theros+Beyond+Death/Nyxbloom+Ancient#paper
Ox of Agonas;$ 6.99;https://www.mtggoldfish.com//price/Theros+Beyond+Death/Ox+of+Agonas#paper
Polukranos, Unchained;$ 2.50;https://www.mtggoldfish.com//price/Theros+Beyond+Death/Polukranos+Unchained#paper
Purphoros, Bronze-Blooded;$ 2.77;https://www.mtggoldfish.com//price/Theros+Beyond+Death/Purphoros+Bronze-Blooded#paper
Thassa, Deep-Dwelling;$ 13.66;https://www.mtggoldfish.com//price/Theros+Beyond+Death/Thassa+Deep-Dwelling#paper
Uro, Titan of Nature's Wrath;$ 14.49;https://www.mtggoldfish.com//price/Theros+Beyond+Death/Uro+Titan+of+Natures+Wrath#paper
Arasta of the Endless Web;$ 0.71;https://www.mtggoldfish.com//price/Theros+Beyond+Death/Arasta+of+the+Endless+Web#paper
Archon of Sun's Grace;$ 0.69;https://www.mtggoldfish.com//price/Theros+Beyond+Death/Archon+of+Suns+Grace#paper
Bronzehide Lion;$ 0.50;https://www.mtggoldfish.com//price/Theros+Beyond+Death/Bronzehide+Lion#paper
Dream Trawler;$ 0.60;https://www.mtggoldfish.com//price/Theros+Beyond+Death/Dream+Trawler#paper
Dryad of the Ilysian Grove;$ 17.41;https://www.mtggoldfish.com//price/Theros+Beyond+Death/Dryad+of+the+Ilysian+Grove#paper
Elspeth Conquers Death;$ 0.70;https://www.mtggoldfish.com//price/Theros+Beyond+Death/Elspeth+Conquers+Death#paper
Erebos's Intervention;$ 0.50;https://www.mtggoldfish.com//price/Theros+Beyond+Death/Ereboss+Intervention#paper
Gravebreaker Lamia;$ 0.51;https://www.mtggoldfish.com//price/Theros+Beyond+Death/Gravebreaker+Lamia#paper
Heliod's Intervention;$ 2.24;https://www.mtggoldfish.com//price/Theros+Beyond+Death/Heliods+Intervention#paper
Idyllic Tutor;$ 4.40;https://www.mtggoldfish.com//price/Theros+Beyond+Death/Idyllic+Tutor#paper
Kunoros, Hound of Athreos;$ 0.65;https://www.mtggoldfish.com//price/Theros+Beyond+Death/Kunoros+Hound+of+Athreos#paper
Labyrinth of Skophos;$ 1.00;https://www.mtggoldfish.com//price/Theros+Beyond+Death/Labyrinth+of+Skophos#paper
Nadir Kraken;$ 1.13;https://www.mtggoldfish.com//price/Theros+Beyond+Death/Nadir+Kraken#paper
Nightmare Shepherd;$ 0.85;https://www.mtggoldfish.com//price/Theros+Beyond+Death/Nightmare+Shepherd#paper
Nylea's Intervention;$ 0.68;https://www.mtggoldfish.com//price/Theros+Beyond+Death/Nyleas+Intervention#paper
Nyx Lotus;$ 3.89;https://www.mtggoldfish.com//price/Theros+Beyond+Death/Nyx+Lotus#paper
Phoenix of Ash;$ 0.50;https://www.mtggoldfish.com//price/Theros+Beyond+Death/Phoenix+of+Ash#paper
Setessan Champion;$ 1.60;https://www.mtggoldfish.com//price/Theros+Beyond+Death/Setessan+Champion#paper
Shadowspear;$ 14.29;https://www.mtggoldfish.com//price/Theros+Beyond+Death/Shadowspear#paper
Shatter the Sky;$ 0.64;https://www.mtggoldfish.com//price/Theros+Beyond+Death/Shatter+the+Sky#paper
Storm's Wrath;$ 0.51;https://www.mtggoldfish.com//price/Theros+Beyond+Death/Storms+Wrath#paper
Tectonic Giant;$ 0.60;https://www.mtggoldfish.com//price/Theros+Beyond+Death/Tectonic+Giant#paper
Temple of Abandon;$ 0.99;https://www.mtggoldfish.com//price/Theros+Beyond+Death/Temple+of+Abandon#paper
Temple of Deceit;$ 1.00;https://www.mtggoldfish.com//price/Theros+Beyond+Death/Temple+of+Deceit#paper
Temple of Enlightenment;$ 0.76;https://www.mtggoldfish.com//price/Theros+Beyond+Death/Temple+of+Enlightenment#paper
Temple of Malice;$ 1.43;https://www.mtggoldfish.com//price/Theros+Beyond+Death/Temple+of+Malice#paper
Temple of Plenty;$ 1.25;https://www.mtggoldfish.com//price/Theros+Beyond+Death/Temple+of+Plenty#paper
Thassa's Oracle;$ 9.17;https://www.mtggoldfish.com//price/Theros+Beyond+Death/Thassas+Oracle#paper
Thryx, the Sudden Storm;$ 0.50;https://www.mtggoldfish.com//price/Theros+Beyond+Death/Thryx+the+Sudden+Storm#paper
Underworld Breach;$ 6.00;https://www.mtggoldfish.com//price/Theros+Beyond+Death/Underworld+Breach#paper
Woe Strider;$ 1.51;https://www.mtggoldfish.com//price/Theros+Beyond+Death/Woe+Strider#paper
Alseid of Life's Bounty;$ 0.72;https://www.mtggoldfish.com//price/Theros+Beyond+Death/Alseid+of+Lifes+Bounty#paper
Destiny Spinner;$ 1.65;https://www.mtggoldfish.com//price/Theros+Beyond+Death/Destiny+Spinner#paper
Field of Ruin;$ 0.60;https://www.mtggoldfish.com//price/Theros+Beyond+Death/Field+of+Ruin#paper
Hydra's Growth;$ 0.96;https://www.mtggoldfish.com//price/Theros+Beyond+Death/Hydras+Growth#paper
Soul-Guide Lantern;$ 4.19;https://www.mtggoldfish.com//price/Theros+Beyond+Death/Soul-Guide+Lantern#paper
Forest;$ 1.20;https://www.mtggoldfish.com//price/Theros+Beyond+Death/Forest-254#paper
Island;$ 1.25;https://www.mtggoldfish.com//price/Theros+Beyond+Death/Island-251#paper
Mountain;$ 1.00;https://www.mtggoldfish.com//price/Theros+Beyond+Death/Mountain-253#paper
Plains;$ 0.75;https://www.mtggoldfish.com//price/Theros+Beyond+Death/Plains-250#paper
Swamp;$ 1.19;https://www.mtggoldfish.com//price/Theros+Beyond+Death/Swamp-252#paper
Bundle;;https://www.mtggoldfish.com//price/Theros+Beyond+Death/Theros+Beyond+Death+Bundle-sealed#paper
Collector Booster Box;;https://www.mtggoldfish.com//price/Theros+Beyond+Death/Theros+Beyond+Death+Collector+Booster+Box-sealed#paper
Collector Booster Pack;;https://www.mtggoldfish.com//price/Theros+Beyond+Death/Theros+Beyond+Death+Collector+Booster+Pack-sealed#paper
Deck Builder's Toolkit;;https://www.mtggoldfish.com//price/Theros+Beyond+Death/Theros+Beyond+Death+Deck+Builders+Toolkit-sealed#paper
Draft Booster Box;;https://www.mtggoldfish.com//price/Theros+Beyond+Death/Theros+Beyond+Death+Draft+Booster+Box-sealed#paper
Draft Booster Pack;;https://www.mtggoldfish.com//price/Theros+Beyond+Death/Theros+Beyond+Death+Draft+Booster+Pack-sealed#paper
Planeswalker Deck: Ashiok;;https://www.mtggoldfish.com//price/Theros+Beyond+Death/Theros+Beyond+Death+Planeswalker+Deck+Ashiok-sealed#paper
Planeswalker Deck: Elspeth;;https://www.mtggoldfish.com//price/Theros+Beyond+Death/Theros+Beyond+Death+Planeswalker+Deck+Elspeth-sealed#paper
Theme Booster: Black;;https://www.mtggoldfish.com//price/Theros+Beyond+Death/Theros+Beyond+Death+Theme+Booster+Black-sealed#paper
Theme Booster: Blue;;https://www.mtggoldfish.com//price/Theros+Beyond+Death/Theros+Beyond+Death+Theme+Booster+Blue-sealed#paper
Theme Booster: Green;;https://www.mtggoldfish.com//price/Theros+Beyond+Death/Theros+Beyond+Death+Theme+Booster+Green-sealed#paper
Theme Booster: Red;;https://www.mtggoldfish.com//price/Theros+Beyond+Death/Theros+Beyond+Death+Theme+Booster+Red-sealed#paper
Theme Booster: White;;https://www.mtggoldfish.com//price/Theros+Beyond+Death/Theros+Beyond+Death+Theme+Booster+White-sealed#paper
Brazen Borrower;$ 20.20;https://www.mtggoldfish.com//price/Throne+of+Eldraine/Brazen+Borrower#paper
Embercleave;$ 9.03;https://www.mtggoldfish.com//price/Throne+of+Eldraine/Embercleave#paper
Garruk, Cursed Huntsman;$ 4.40;https://www.mtggoldfish.com//price/Throne+of+Eldraine/Garruk+Cursed+Huntsman#paper
Harmonious Archon;$ 0.85;https://www.mtggoldfish.com//price/Throne+of+Eldraine/Harmonious+Archon#paper
Kenrith, the Returned King;$ 5.62;https://www.mtggoldfish.com//price/Throne+of+Eldraine/Kenrith+the+Returned+King#paper
Oko, Thief of Crowns;$ 17.48;https://www.mtggoldfish.com//price/Throne+of+Eldraine/Oko+Thief+of+Crowns#paper
Outlaws' Merriment;$ 1.95;https://www.mtggoldfish.com//price/Throne+of+Eldraine/Outlaws+Merriment#paper
Questing Beast;$ 11.86;https://www.mtggoldfish.com//price/Throne+of+Eldraine/Questing+Beast#paper
Rankle, Master of Pranks;$ 6.80;https://www.mtggoldfish.com//price/Throne+of+Eldraine/Rankle+Master+of+Pranks#paper
Realm-Cloaked Giant;$ 1.09;https://www.mtggoldfish.com//price/Throne+of+Eldraine/Realm-Cloaked+Giant#paper
Robber of the Rich;$ 6.00;https://www.mtggoldfish.com//price/Throne+of+Eldraine/Robber+of+the+Rich#paper
The Cauldron of Eternity;$ 1.11;https://www.mtggoldfish.com//price/Throne+of+Eldraine/The+Cauldron+of+Eternity#paper
The Circle of Loyalty;$ 1.21;https://www.mtggoldfish.com//price/Throne+of+Eldraine/The+Circle+of+Loyalty#paper
The Great Henge;$ 43.35;https://www.mtggoldfish.com//price/Throne+of+Eldraine/The+Great+Henge#paper
The Magic Mirror;$ 3.49;https://www.mtggoldfish.com//price/Throne+of+Eldraine/The+Magic+Mirror#paper
The Royal Scions;$ 3.12;https://www.mtggoldfish.com//price/Throne+of+Eldraine/The+Royal+Scions#paper
Ayara, First of Locthwain;$ 3.11;https://www.mtggoldfish.com//price/Throne+of+Eldraine/Ayara+First+of+Locthwain#paper
Bonecrusher Giant;$ 1.55;https://www.mtggoldfish.com//price/Throne+of+Eldraine/Bonecrusher+Giant#paper
Castle Ardenvale;$ 2.37;https://www.mtggoldfish.com//price/Throne+of+Eldraine/Castle+Ardenvale#paper
Castle Embereth;$ 0.50;https://www.mtggoldfish.com//price/Throne+of+Eldraine/Castle+Embereth#paper
Castle Garenbrig;$ 6.99;https://www.mtggoldfish.com//price/Throne+of+Eldraine/Castle+Garenbrig#paper
Castle Locthwain;$ 4.18;https://www.mtggoldfish.com//price/Throne+of+Eldraine/Castle+Locthwain#paper
Castle Vantress;$ 1.32;https://www.mtggoldfish.com//price/Throne+of+Eldraine/Castle+Vantress#paper
Charming Prince;$ 2.00;https://www.mtggoldfish.com//price/Throne+of+Eldraine/Charming+Prince#paper
Clackbridge Troll;$ 0.52;https://www.mtggoldfish.com//price/Throne+of+Eldraine/Clackbridge+Troll#paper
Dance of the Manse;$ 0.60;https://www.mtggoldfish.com//price/Throne+of+Eldraine/Dance+of+the+Manse#paper
Doom Foretold;$ 0.50;https://www.mtggoldfish.com//price/Throne+of+Eldraine/Doom+Foretold#paper
Emry, Lurker of the Loch;$ 6.75;https://www.mtggoldfish.com//price/Throne+of+Eldraine/Emry+Lurker+of+the+Loch#paper
Escape to the Wilds;$ 0.65;https://www.mtggoldfish.com//price/Throne+of+Eldraine/Escape+to+the+Wilds#paper
Fabled Passage;$ 8.13;https://www.mtggoldfish.com//price/Throne+of+Eldraine/Fabled+Passage#paper
Faeburrow Elder;$ 2.48;https://www.mtggoldfish.com//price/Throne+of+Eldraine/Faeburrow+Elder#paper
Feasting Troll King;$ 3.00;https://www.mtggoldfish.com//price/Throne+of+Eldraine/Feasting+Troll+King#paper
Folio of Fancies;$ 0.75;https://www.mtggoldfish.com//price/Throne+of+Eldraine/Folio+of+Fancies#paper
Gadwick, the Wizened;$ 0.87;https://www.mtggoldfish.com//price/Throne+of+Eldraine/Gadwick+the+Wizened#paper
Giant Killer;$ 0.50;https://www.mtggoldfish.com//price/Throne+of+Eldraine/Giant+Killer#paper
Gilded Goose;$ 5.89;https://www.mtggoldfish.com//price/Throne+of+Eldraine/Gilded+Goose#paper
Hushbringer;$ 1.29;https://www.mtggoldfish.com//price/Throne+of+Eldraine/Hushbringer#paper
Irencrag Feat;$ 0.56;https://www.mtggoldfish.com//price/Throne+of+Eldraine/Irencrag+Feat#paper
Irencrag Pyromancer;$ 0.62;https://www.mtggoldfish.com//price/Throne+of+Eldraine/Irencrag+Pyromancer#paper
Linden, the Steadfast Queen;$ 0.51;https://www.mtggoldfish.com//price/Throne+of+Eldraine/Linden+the+Steadfast+Queen#paper
Midnight Clock;$ 0.99;https://www.mtggoldfish.com//price/Throne+of+Eldraine/Midnight+Clock#paper
Mirrormade;$ 2.39;https://www.mtggoldfish.com//price/Throne+of+Eldraine/Mirrormade#paper
Murderous Rider;$ 1.61;https://www.mtggoldfish.com//price/Throne+of+Eldraine/Murderous+Rider#paper
Once Upon a Time;$ 1.83;https://www.mtggoldfish.com//price/Throne+of+Eldraine/Once+Upon+a+Time#paper
Piper of the Swarm;$ 0.50;https://www.mtggoldfish.com//price/Throne+of+Eldraine/Piper+of+the+Swarm#paper
Return of the Wildspeaker;$ 1.96;https://www.mtggoldfish.com//price/Throne+of+Eldraine/Return+of+the+Wildspeaker#paper
Stonecoil Serpent;$ 2.32;https://www.mtggoldfish.com//price/Throne+of+Eldraine/Stonecoil+Serpent#paper
Stormfist Crusader;$ 0.64;https://www.mtggoldfish.com//price/Throne+of+Eldraine/Stormfist+Crusader#paper
Torbran, Thane of Red Fell;$ 1.00;https://www.mtggoldfish.com//price/Throne+of+Eldraine/Torbran+Thane+of+Red+Fell#paper
Wishclaw Talisman;$ 2.45;https://www.mtggoldfish.com//price/Throne+of+Eldraine/Wishclaw+Talisman#paper
Worthy Knight;$ 0.60;https://www.mtggoldfish.com//price/Throne+of+Eldraine/Worthy+Knight#paper
Yorvo, Lord of Garenbrig;$ 0.50;https://www.mtggoldfish.com//price/Throne+of+Eldraine/Yorvo+Lord+of+Garenbrig#paper
All That Glitters;$ 1.30;https://www.mtggoldfish.com//price/Throne+of+Eldraine/All+That+Glitters#paper
Cauldron Familiar;$ 2.97;https://www.mtggoldfish.com//price/Throne+of+Eldraine/Cauldron+Familiar#paper
Deafening Silence;$ 0.94;https://www.mtggoldfish.com//price/Throne+of+Eldraine/Deafening+Silence#paper
Drown in the Loch;$ 2.15;https://www.mtggoldfish.com//price/Throne+of+Eldraine/Drown+in+the+Loch#paper
Heraldic Banner;$ 0.91;https://www.mtggoldfish.com//price/Throne+of+Eldraine/Heraldic+Banner#paper
Into the Story;$ 0.50;https://www.mtggoldfish.com//price/Throne+of+Eldraine/Into+the+Story#paper
Kenrith's Transformation;$ 0.70;https://www.mtggoldfish.com//price/Throne+of+Eldraine/Kenriths+Transformation#paper
Mystical Dispute;$ 1.06;https://www.mtggoldfish.com//price/Throne+of+Eldraine/Mystical+Dispute#paper
Revenge of Ravens;$ 0.63;https://www.mtggoldfish.com//price/Throne+of+Eldraine/Revenge+of+Ravens#paper
Syr Konrad, the Grim;$ 0.77;https://www.mtggoldfish.com//price/Throne+of+Eldraine/Syr+Konrad+the+Grim#paper
Trail of Crumbs;$ 0.50;https://www.mtggoldfish.com//price/Throne+of+Eldraine/Trail+of+Crumbs#paper
Witch's Oven;$ 1.93;https://www.mtggoldfish.com//price/Throne+of+Eldraine/Witchs+Oven#paper
Mystic Sanctuary;$ 0.99;https://www.mtggoldfish.com//price/Throne+of+Eldraine/Mystic+Sanctuary#paper
Seven Dwarves;$ 0.73;https://www.mtggoldfish.com//price/Throne+of+Eldraine/Seven+Dwarves#paper
Brawl Deck: Faerie Schemes;;https://www.mtggoldfish.com//price/Throne+of+Eldraine/Throne+of+Eldraine+Brawl+Deck+Faerie+Schemes-sealed#paper
Brawl Deck: Knights' Charge;;https://www.mtggoldfish.com//price/Throne+of+Eldraine/Throne+of+Eldraine+Brawl+Deck+Knights+Charge-sealed#paper
Brawl Deck: Savage Hunger;;https://www.mtggoldfish.com//price/Throne+of+Eldraine/Throne+of+Eldraine+Brawl+Deck+Savage+Hunger-sealed#paper
Brawl Deck: Wild Bounty;;https://www.mtggoldfish.com//price/Throne+of+Eldraine/Throne+of+Eldraine+Brawl+Deck+Wild+Bounty-sealed#paper
Bundle;;https://www.mtggoldfish.com//price/Throne+of+Eldraine/Throne+of+Eldraine+Bundle-sealed#paper
Collector Booster Box;;https://www.mtggoldfish.com//price/Throne+of+Eldraine/Throne+of+Eldraine+Collector+Booster+Box-sealed#paper
Collector Booster Pack;;https://www.mtggoldfish.com//price/Throne+of+Eldraine/Throne+of+Eldraine+Collector+Booster+Pack-sealed#paper
Draft Booster Box;;https://www.mtggoldfish.com//price/Throne+of+Eldraine/Throne+of+Eldraine+Draft+Booster+Box-sealed#paper
Draft Booster Pack;;https://www.mtggoldfish.com//price/Throne+of+Eldraine/Throne+of+Eldraine+Draft+Booster+Pack-sealed#paper
Planeswalker Deck: Oko;;https://www.mtggoldfish.com//price/Throne+of+Eldraine/Throne+of+Eldraine+Planeswalker+Deck+Oko-sealed#paper
Planeswalker Deck: Rowan;;https://www.mtggoldfish.com//price/Throne+of+Eldraine/Throne+of+Eldraine+Planeswalker+Deck+Rowan-sealed#paper
Prerelease Pack;;https://www.mtggoldfish.com//price/Throne+of+Eldraine/Throne+of+Eldraine+Prerelease+Pack-sealed#paper
Theme Booster: Black;;https://www.mtggoldfish.com//price/Throne+of+Eldraine/Throne+of+Eldraine+Theme+Booster+Black-sealed#paper
Theme Booster: Blue;;https://www.mtggoldfish.com//price/Throne+of+Eldraine/Throne+of+Eldraine+Theme+Booster+Blue-sealed#paper
Theme Booster: Green;;https://www.mtggoldfish.com//price/Throne+of+Eldraine/Throne+of+Eldraine+Theme+Booster+Green-sealed#paper
Theme Booster: Red;;https://www.mtggoldfish.com//price/Throne+of+Eldraine/Throne+of+Eldraine+Theme+Booster+Red-sealed#paper
Theme Booster: White;;https://www.mtggoldfish.com//price/Throne+of+Eldraine/Throne+of+Eldraine+Theme+Booster+White-sealed#paper
